row,width,height
0,0.03417045,0.035436034
1,0.03239861,0.035435975
2,0.03239861,0.035942256
3,0.0321455,0.03872651
4,0.03239861,0.039485812
5,0.03239864,0.040751398
6,0.03189242,0.039738953
7,0.031639278,0.040498316
8,0.0321455,0.039992034
9,0.03189239,0.040245175
10,0.032651782,0.040498257
11,0.03239867,0.039738953
12,0.032651752,0.040498316
13,0.032651722,0.040245175
14,0.033157945,0.03923267
15,0.032904893,0.040245175
16,0.033158004,0.040245175
17,0.03239867,0.039485812
18,0.032651782,0.04125762
19,0.032651722,0.040498257
20,0.03239861,0.040245175
21,0.03239861,0.039992094
22,0.0321455,0.03948587
23,0.031639278,0.0369547
24,0.031133085,0.037714064
25,0.031133056,0.037967145
26,0.031386167,0.037967145
27,0.03189239,0.037460923
28,0.033664227,0.03897965
29,0.033411115,0.03923273
30,0.033664197,0.037714005
31,0.033664227,0.039485812
32,0.033664227,0.040245175
33,0.033158004,0.040498316
34,0.03189242,0.03923273
35,0.03189239,0.03923273
36,0.03214553,0.03897959
37,0.03189242,0.038473427
38,0.031639308,0.03872651
39,0.03189239,0.03872651
40,0.03239861,0.039485812
41,0.03239861,0.037967145
42,0.031639308,0.038220286
43,0.032651752,0.038473368
44,0.03189242,0.03872651
45,0.03189239,0.040245175
46,0.031386197,0.039992094
47,0.030626833,0.037967205
48,0.030626804,0.037967205
49,0.031386167,0.040751398
50,0.031386167,0.037460923
51,0.03189242,0.039738953
52,0.032904834,0.040498316
53,0.032651722,0.03897959
54,0.03214553,0.038220286
55,0.032904863,0.037714005
56,0.03214553,0.037207842
57,0.032651722,0.038220286
58,0.033157974,0.03467667
59,0.032651782,0.03670156
60,0.031639308,0.033411086
61,0.031639278,0.035182893
62,0.031386197,0.036195338
63,0.03189245,0.03644842
64,0.031639278,0.03644842
65,0.032651752,0.03670162
66,0.032651752,0.035182893
67,0.029361278,0.035435975
68,0.029614389,0.034929752
69,0.029108137,0.035182893
70,0.0321455,0.033158004
71,0.03214553,0.033411145
72,0.033411115,0.034929752
73,0.033664197,0.034929752
74,0.033158004,0.03239858
75,0.03442356,0.03644848
76,0.03214553,0.035942256
77,0.031133085,0.035942197
78,0.0321455,0.0369547
79,0.03189242,0.037967145
80,0.03189242,0.037967145
81,0.03189242,0.037967145
82,0.03189239,0.038473368
83,0.032651722,0.039992034
84,0.03214553,0.03923273
85,0.031386167,0.040751398
86,0.031386197,0.040498316
87,0.03214553,0.037967145
88,0.031639278,0.037460923
89,0.031639308,0.0369547
90,0.03189239,0.03872651
91,0.030626833,0.037714064
92,0.030879974,0.037207842
93,0.030626833,0.0369547
94,0.031639278,0.038220286
95,0.031133056,0.035182893
96,0.030879974,0.035942256
97,0.03189242,0.037714064
98,0.032651752,0.037967145
99,0.03214553,0.03644848
100,0.031639278,0.035942256
101,0.0321455,0.037460923
102,0.030879974,0.037207842
103,0.030120611,0.0369547
104,0.030373693,0.036195338
105,0.029361278,0.03670156
106,0.030373752,0.0369547
107,0.030879945,0.03897965
108,0.030879945,0.039738953
109,0.03670156,0.044548094
110,0.035942197,0.04353571
111,0.035689086,0.04378879
112,0.035182893,0.04353565
113,0.033917338,0.04378879
114,0.03417045,0.04328257
115,0.033411056,0.04151076
116,0.035182863,0.042776346
117,0.033664227,0.042523265
118,0.029361248,0.037460923
119,0.0298675,0.035942197
120,0.03189242,0.037967145
121,0.033664197,0.039992034
122,0.033917338,0.042016983
123,0.032904863,0.039738953
124,0.031386137,0.03923273
125,0.02961433,0.0369547
126,0.031386197,0.038473368
127,0.031386137,0.040245175
128,0.030626833,0.03695464
129,0.031133056,0.03872651
130,0.033157945,0.040498316
131,0.030879974,0.03948587
132,0.031386197,0.03872645
133,0.031386137,0.039485812
134,0.030373752,0.03644848
135,0.031639338,0.03897959
136,0.028601944,0.033158004
137,0.030626833,0.038220227
138,0.029614389,0.039738953
139,0.030120611,0.038220286
140,0.028601944,0.0369547
141,0.02961433,0.035182893
142,0.030120611,0.03442353
143,0.03189236,0.0369547
144,0.0321455,0.038473368
145,0.03239864,0.040245175
146,0.02986747,0.035689116
147,0.031133056,0.03670162
148,0.03214556,0.035942256
149,0.033664227,0.037714005
150,0.03239864,0.037967205
151,0.032651722,0.038473427
152,0.036195338,0.037967145
153,0.035435975,0.038220227
154,0.035689175,0.03670156
155,0.03417039,0.035942256
156,0.034929812,0.038220286
157,0.033411086,0.03670162
158,0.0321455,0.038473368
159,0.033158004,0.037967145
160,0.03417045,0.039485812
161,0.03442353,0.03948587
162,0.03442353,0.03923273
163,0.032904863,0.03923273
164,0.03239858,0.03872645
165,0.033158004,0.037460923
166,0.03214556,0.036195338
167,0.0321455,0.037714005
168,0.032651722,0.0369547
169,0.03670162,0.04151076
170,0.038473368,0.042016983
171,0.039485812,0.03923273
172,0.03948587,0.0369547
173,0.040245175,0.039738953
174,0.04151076,0.03872651
175,0.03897965,0.040751398
176,0.03897959,0.040498316
177,0.0369547,0.03670156
178,0.037460923,0.038473368
179,0.037460923,0.035435975
180,0.037460923,0.039992034
181,0.03417045,0.038220286
182,0.034929812,0.037714064
183,0.033411086,0.030879974
184,0.035942197,0.038220286
185,0.034929752,0.03644848
186,0.03644848,0.03644848
187,0.035182893,0.037714005
188,0.030626833,0.030373693
189,0.033411086,0.038220286
190,0.035182893,0.03923273
191,0.033157945,0.037967145
192,0.032651722,0.042776287
193,0.033158004,0.044548094
194,0.033411145,0.03923273
195,0.033157945,0.039738953
196,0.032651722,0.037207782
197,0.031386197,0.03923273
198,0.032904863,0.038220286
199,0.030879974,0.039992034
200,0.03189242,0.03467661
201,0.031639278,0.03897959
202,0.031639278,0.04100454
203,0.02986747,0.030120611
204,0.031386197,0.037460923
205,0.031133056,0.037207782
206,0.030879974,0.038473427
207,0.03189242,0.037460923
208,0.030120611,0.03695464
209,0.032651722,0.038473427
210,0.031639278,0.039485812
211,0.031386137,0.03644842
212,0.030373693,0.035942256
213,0.0321455,0.038220286
214,0.03189242,0.038220286
215,0.032904863,0.039485812
216,0.031639278,0.038220227
217,0.030626833,0.038473427
218,0.031386137,0.03670162
219,0.030879915,0.037967145
220,0.031639308,0.0369547
221,0.030879945,0.037207842
222,0.030373693,0.037207842
223,0.031133085,0.03897959
224,0.030626804,0.03670162
225,0.029614389,0.035182893
226,0.031133085,0.035436034
227,0.0321455,0.03695464
228,0.03214553,0.037967145
229,0.032651752,0.037207782
230,0.032904893,0.03670162
231,0.0321455,0.036195338
232,0.03189242,0.036195338
233,0.032651752,0.037460923
234,0.031133056,0.035436034
235,0.031639308,0.033664227
236,0.031133056,0.033917308
237,0.031133085,0.03442353
238,0.030626833,0.035942256
239,0.030626804,0.03442353
240,0.0321455,0.033664227
241,0.031133056,0.030373693
242,0.032904863,0.031133056
243,0.033157974,0.032904863
244,0.031639308,0.033664227
245,0.03239864,0.03417045
246,0.032904863,0.037460923
247,0.03239861,0.03442359
248,0.031386167,0.03417045
249,0.03189242,0.03467667
250,0.032651752,0.033411086
251,0.033411115,0.03417045
252,0.032651752,0.033664167
253,0.031133056,0.033411086
254,0.03417042,0.03467667
255,0.033411086,0.036195338
256,0.03239864,0.035942256
257,0.032651752,0.03644848
258,0.032904863,0.0369547
259,0.032651752,0.03670156
260,0.03239864,0.035942256
261,0.033158004,0.035942197
262,0.033411086,0.037714005
263,0.03214553,0.036195338
264,0.03239861,0.03644848
265,0.03239861,0.03670162
266,0.031386167,0.035942256
267,0.031133085,0.033664227
268,0.03189242,0.03644848
269,0.033157974,0.03670156
270,0.033664197,0.035689116
271,0.033411086,0.03442353
272,0.0321455,0.035182893
273,0.033157974,0.0369547
274,0.033664197,0.03670156
275,0.035182893,0.03897959
276,0.033411086,0.037460923
277,0.035182893,0.040498316
278,0.034929782,0.040498257
279,0.034929782,0.040498257
280,0.035436004,0.03897959
281,0.03670156,0.039485812
282,0.035689116,0.03897965
283,0.036195368,0.04125762
284,0.035436004,0.040751398
285,0.037460923,0.04100448
286,0.037714034,0.040498316
287,0.03670159,0.039738953
288,0.0369547,0.04100454
289,0.037714034,0.043029428
290,0.035182893,0.04151076
291,0.03467667,0.04151076
292,0.03670156,0.04125768
293,0.038220257,0.04378873
294,0.037967145,0.04353571
295,0.03695467,0.04328257
296,0.035689116,0.042270124
297,0.035182893,0.04328257
298,0.035436004,0.042016983
299,0.032651752,0.040498257
300,0.03214553,0.042270064
301,0.032904863,0.03897965
302,0.032651752,0.040498257
303,0.03467667,0.042016983
304,0.034929782,0.040751398
305,0.030879945,0.039992034
306,0.03467667,0.04151076
307,0.035436034,0.04100454
308,0.03214553,0.03872651
309,0.03442356,0.042523205
310,0.033664227,0.043029428
311,0.032904863,0.042016983
312,0.033157974,0.044295013
313,0.032651722,0.045054376
314,0.033157974,0.04404193
315,0.033917338,0.044801235
316,0.032904863,0.042776346
317,0.03239864,0.0417639
318,0.033917338,0.04151076
319,0.03442356,0.040498316
320,0.03189242,0.03897959
321,0.03417045,0.038220286
322,0.034929782,0.039485812
323,0.033157974,0.0369547
324,0.0321455,0.03644848
325,0.0321455,0.035436034
326,0.03239864,0.035689116
327,0.033664197,0.035942197
328,0.034929752,0.037967145
329,0.03442356,0.037207782
330,0.032904863,0.03644848
331,0.032904863,0.0369547
332,0.032651752,0.037714064
333,0.032651752,0.037460923
334,0.03442356,0.03897965
335,0.033917338,0.03948587
336,0.03417045,0.040751398
337,0.033917338,0.041763842
338,0.03442353,0.042776346
339,0.033917308,0.042016983
340,0.033917338,0.042523205
341,0.03417045,0.042270124
342,0.03417045,0.042776287
343,0.035436004,0.045054317
344,0.035182893,0.045054376
345,0.03644845,0.04328257
346,0.035436004,0.042523205
347,0.033664197,0.040751398
348,0.03417045,0.04125762
349,0.03417042,0.04100454
350,0.033664197,0.040498257
351,0.034929782,0.039992034
352,0.033917338,0.03923273
353,0.033411086,0.039485812
354,0.033917308,0.038220227
355,0.033157974,0.039738953
356,0.033664197,0.03872651
357,0.033917308,0.036195397
358,0.03442353,0.037207842
359,0.03644848,0.033917308
360,0.033917338,0.03189242
361,0.03442353,0.031639278
362,0.03442356,0.033411086
363,0.033157974,0.033664167
364,0.030879945,0.03467667
365,0.032904863,0.033411086
366,0.03239861,0.033917308
367,0.033664227,0.033411086
368,0.035689116,0.033157945
369,0.035689116,0.0321455
370,0.033917338,0.03442359
371,0.034929782,0.035435975
372,0.033917308,0.035942256
373,0.032904863,0.036195338
374,0.03417042,0.037460923
375,0.033411086,0.034929752
376,0.033411086,0.034929752
377,0.033411086,0.035689175
378,0.032651752,0.035436034
379,0.032651752,0.032651782
380,0.032904863,0.03417045
381,0.034929782,0.032904863
382,0.033411086,0.0321455
383,0.03467667,0.033664227
384,0.033157974,0.03189242
385,0.03467667,0.033411086
386,0.03467664,0.0369547
387,0.034929782,0.038220286
388,0.03442353,0.03467667
389,0.035689116,0.03923273
390,0.03417045,0.038220227
391,0.035436004,0.038473368
392,0.032904863,0.035435975
393,0.031386167,0.032904863
394,0.03239861,0.035436034
395,0.032651722,0.0369547
396,0.032904863,0.03670156
397,0.031386197,0.03189242
398,0.031386167,0.031386137
399,0.037460923,0.038220286
400,0.039738953,0.033917308
401,0.041763872,0.0321455
402,0.038473368,0.03442353
403,0.037714005,0.033158004
404,0.03644845,0.03467667
405,0.038220257,0.029614389
406,0.0369547,0.02986753
407,0.039992064,0.03239864
mean,0.033121377,0.037857343
std,0.0021075162,0.0029518013
